employee_id,name,department,manager,location
E001,Employee 1,Support,Rahul Sharma,Bengaluru
E002,Employee 2,Support,Vivek Singh,Chennai
E003,Employee 3,Finance,Amit Patel,Hyderabad
E004,Employee 4,Support,Rahul Sharma,Mumbai
E005,Employee 5,HR,Vivek Singh,Chennai
E006,Employee 6,Sales,Rahul Sharma,Mumbai
E007,Employee 7,HR,Neha Gupta,Delhi
E008,Employee 8,Support,Amit Patel,Delhi
E009,Employee 9,Support,Amit Patel,Mumbai
E010,Employee 10,Support,Priya Shah,Chennai
E011,Employee 11,Sales,Amit Patel,Pune
E012,Employee 12,Engineering,Neha Gupta,Bengaluru
E013,Employee 13,Support,Amit Patel,Hyderabad
E014,Employee 14,Finance,Vivek Singh,Delhi
E015,Employee 15,HR,Amit Patel,Delhi
E016,Employee 16,Support,Priya Shah,Delhi
E017,Employee 17,Support,Vivek Singh,Chennai
E018,Employee 18,HR,Amit Patel,Delhi
E019,Employee 19,Sales,Neha Gupta,Ahmedabad
E020,Employee 20,HR,Vivek Singh,Chennai
E021,Employee 21,Support,Rahul Sharma,Mumbai
E022,Employee 22,HR,Vivek Singh,Delhi
E023,Employee 23,Sales,Amit Patel,Bengaluru
E024,Employee 24,Sales,Priya Shah,Hyderabad
E025,Employee 25,Engineering,Rahul Sharma,Delhi
E026,Employee 26,Support,Priya Shah,Pune
E027,Employee 27,Engineering,Priya Shah,Mumbai
E028,Employee 28,Finance,Amit Patel,Ahmedabad
E029,Employee 29,Support,Priya Shah,Bengaluru
E030,Employee 30,Sales,Priya Shah,Delhi
E031,Employee 31,HR,Rahul Sharma,Delhi
E032,Employee 32,Support,Priya Shah,Hyderabad
E033,Employee 33,Support,Neha Gupta,Hyderabad
E034,Employee 34,Engineering,Rahul Sharma,Chennai
E035,Employee 35,HR,Priya Shah,Bengaluru
E036,Employee 36,HR,Vivek Singh,Ahmedabad
E037,Employee 37,Support,Rahul Sharma,Delhi
E038,Employee 38,Sales,Vivek Singh,Mumbai
E039,Employee 39,HR,Vivek Singh,Chennai
E040,Employee 40,HR,Rahul Sharma,Chennai
E041,Employee 41,Finance,Amit Patel,Ahmedabad
E042,Employee 42,Support,Vivek Singh,Pune
E043,Employee 43,Sales,Rahul Sharma,Delhi
E044,Employee 44,Engineering,Rahul Sharma,Bengaluru
E045,Employee 45,Sales,Vivek Singh,Chennai
E046,Employee 46,Support,Amit Patel,Pune
E047,Employee 47,Finance,Priya Shah,Chennai
E048,Employee 48,HR,Priya Shah,Chennai
E049,Employee 49,Finance,Vivek Singh,Bengaluru
E050,Employee 50,Finance,Amit Patel,Ahmedabad
E051,Employee 51,Sales,Amit Patel,Delhi
E052,Employee 52,HR,Vivek Singh,Chennai
E053,Employee 53,Engineering,Neha Gupta,Chennai
E054,Employee 54,Engineering,Rahul Sharma,Ahmedabad
E055,Employee 55,Sales,Priya Shah,Hyderabad
E056,Employee 56,HR,Amit Patel,Delhi
E057,Employee 57,Sales,Priya Shah,Mumbai
E058,Employee 58,HR,Amit Patel,Mumbai
E059,Employee 59,Finance,Amit Patel,Bengaluru
E060,Employee 60,HR,Neha Gupta,Mumbai
E061,Employee 61,Sales,Rahul Sharma,Ahmedabad
E062,Employee 62,Support,Vivek Singh,Ahmedabad
E063,Employee 63,Finance,Vivek Singh,Mumbai
E064,Employee 64,Support,Vivek Singh,Chennai
E065,Employee 65,Sales,Vivek Singh,Pune
E066,Employee 66,Support,Priya Shah,Mumbai
E067,Employee 67,Finance,Neha Gupta,Mumbai
E068,Employee 68,Sales,Priya Shah,Pune
E069,Employee 69,HR,Vivek Singh,Delhi
E070,Employee 70,Sales,Priya Shah,Bengaluru
E071,Employee 71,Finance,Vivek Singh,Pune
E072,Employee 72,Finance,Rahul Sharma,Pune
E073,Employee 73,Support,Priya Shah,Chennai
E074,Employee 74,Support,Priya Shah,Bengaluru
E075,Employee 75,Finance,Rahul Sharma,Pune
E076,Employee 76,Sales,Priya Shah,Ahmedabad
E077,Employee 77,Engineering,Rahul Sharma,Mumbai
E078,Employee 78,Engineering,Rahul Sharma,Chennai
E079,Employee 79,HR,Neha Gupta,Bengaluru
E080,Employee 80,Support,Priya Shah,Hyderabad
E081,Employee 81,HR,Vivek Singh,Pune
E082,Employee 82,Engineering,Amit Patel,Ahmedabad
E083,Employee 83,HR,Priya Shah,Chennai
E084,Employee 84,Finance,Priya Shah,Chennai
E085,Employee 85,Support,Neha Gupta,Ahmedabad
E086,Employee 86,Sales,Neha Gupta,Hyderabad
E087,Employee 87,Finance,Rahul Sharma,Hyderabad
E088,Employee 88,HR,Priya Shah,Bengaluru
E089,Employee 89,HR,Priya Shah,Mumbai
E090,Employee 90,Engineering,Amit Patel,Hyderabad
E091,Employee 91,Support,Neha Gupta,Delhi
E092,Employee 92,Engineering,Priya Shah,Bengaluru
E093,Employee 93,Finance,Vivek Singh,Delhi
E094,Employee 94,Finance,Amit Patel,Hyderabad
E095,Employee 95,Sales,Amit Patel,Mumbai
E096,Employee 96,Engineering,Amit Patel,Pune
E097,Employee 97,Support,Vivek Singh,Ahmedabad
E098,Employee 98,Finance,Vivek Singh,Mumbai
E099,Employee 99,Support,Vivek Singh,Hyderabad
E100,Employee 100,HR,Rahul Sharma,Pune
E101,Employee 101,Support,Amit Patel,Hyderabad
E102,Employee 102,Engineering,Rahul Sharma,Bengaluru
E103,Employee 103,HR,Amit Patel,Delhi
E104,Employee 104,Sales,Vivek Singh,Chennai
E105,Employee 105,Finance,Rahul Sharma,Ahmedabad
E106,Employee 106,Sales,Neha Gupta,Chennai
E107,Employee 107,Sales,Rahul Sharma,Hyderabad
E108,Employee 108,HR,Amit Patel,Bengaluru
E109,Employee 109,Support,Rahul Sharma,Chennai
E110,Employee 110,Finance,Vivek Singh,Delhi
E111,Employee 111,HR,Vivek Singh,Chennai
E112,Employee 112,HR,Vivek Singh,Delhi
E113,Employee 113,Finance,Priya Shah,Pune
E114,Employee 114,Engineering,Vivek Singh,Ahmedabad
E115,Employee 115,HR,Neha Gupta,Chennai
E116,Employee 116,Engineering,Vivek Singh,Delhi
E117,Employee 117,Finance,Rahul Sharma,Chennai
E118,Employee 118,Sales,Priya Shah,Delhi
E119,Employee 119,HR,Amit Patel,Mumbai
E120,Employee 120,Finance,Neha Gupta,Ahmedabad
E121,Employee 121,Engineering,Neha Gupta,Bengaluru
E122,Employee 122,Support,Vivek Singh,Chennai
E123,Employee 123,Engineering,Neha Gupta,Pune
E124,Employee 124,Sales,Rahul Sharma,Hyderabad
E125,Employee 125,Finance,Vivek Singh,Mumbai
E126,Employee 126,Finance,Neha Gupta,Bengaluru
E127,Employee 127,Sales,Vivek Singh,Ahmedabad
E128,Employee 128,Support,Vivek Singh,Pune
E129,Employee 129,Support,Neha Gupta,Pune
E130,Employee 130,Finance,Neha Gupta,Delhi
E131,Employee 131,Support,Priya Shah,Mumbai
E132,Employee 132,Engineering,Neha Gupta,Chennai
E133,Employee 133,HR,Priya Shah,Mumbai
E134,Employee 134,HR,Rahul Sharma,Ahmedabad
E135,Employee 135,Support,Neha Gupta,Delhi
E136,Employee 136,Support,Neha Gupta,Ahmedabad
E137,Employee 137,Sales,Priya Shah,Mumbai
E138,Employee 138,HR,Rahul Sharma,Bengaluru
E139,Employee 139,Engineering,Rahul Sharma,Mumbai
E140,Employee 140,HR,Neha Gupta,Delhi
E141,Employee 141,Engineering,Vivek Singh,Hyderabad
E142,Employee 142,Engineering,Neha Gupta,Mumbai
E143,Employee 143,Engineering,Priya Shah,Pune
E144,Employee 144,HR,Rahul Sharma,Delhi
E145,Employee 145,Support,Neha Gupta,Ahmedabad
E146,Employee 146,Engineering,Neha Gupta,Hyderabad
E147,Employee 147,Finance,Amit Patel,Pune
E148,Employee 148,Sales,Neha Gupta,Chennai
E149,Employee 149,HR,Amit Patel,Ahmedabad
E150,Employee 150,HR,Neha Gupta,Pune
E151,Employee 151,HR,Rahul Sharma,Delhi
E152,Employee 152,Engineering,Rahul Sharma,Mumbai
E153,Employee 153,Finance,Amit Patel,Ahmedabad
E154,Employee 154,Finance,Amit Patel,Bengaluru
E155,Employee 155,Support,Amit Patel,Chennai
E156,Employee 156,Support,Vivek Singh,Bengaluru
E157,Employee 157,HR,Neha Gupta,Hyderabad
E158,Employee 158,Engineering,Rahul Sharma,Delhi
E159,Employee 159,Engineering,Neha Gupta,Mumbai
E160,Employee 160,Engineering,Priya Shah,Delhi
E161,Employee 161,Support,Rahul Sharma,Delhi
E162,Employee 162,Engineering,Rahul Sharma,Chennai
E163,Employee 163,Sales,Vivek Singh,Hyderabad
E164,Employee 164,Sales,Priya Shah,Hyderabad
E165,Employee 165,Support,Vivek Singh,Pune
E166,Employee 166,Engineering,Neha Gupta,Bengaluru
E167,Employee 167,Support,Neha Gupta,Ahmedabad
E168,Employee 168,HR,Rahul Sharma,Chennai
E169,Employee 169,Support,Rahul Sharma,Mumbai
E170,Employee 170,Engineering,Amit Patel,Delhi
E171,Employee 171,Finance,Amit Patel,Chennai
E172,Employee 172,HR,Vivek Singh,Ahmedabad
E173,Employee 173,Engineering,Priya Shah,Ahmedabad
E174,Employee 174,Support,Rahul Sharma,Pune
E175,Employee 175,HR,Rahul Sharma,Delhi
E176,Employee 176,HR,Amit Patel,Pune
E177,Employee 177,Engineering,Neha Gupta,Hyderabad
E178,Employee 178,Support,Amit Patel,Pune
E179,Employee 179,Sales,Rahul Sharma,Ahmedabad
E180,Employee 180,Engineering,Amit Patel,Pune
E181,Employee 181,Support,Neha Gupta,Pune
E182,Employee 182,Sales,Neha Gupta,Delhi
E183,Employee 183,HR,Amit Patel,Pune
E184,Employee 184,Sales,Priya Shah,Bengaluru
E185,Employee 185,HR,Rahul Sharma,Pune
E186,Employee 186,Support,Rahul Sharma,Ahmedabad
E187,Employee 187,Sales,Amit Patel,Bengaluru
E188,Employee 188,HR,Neha Gupta,Ahmedabad
E189,Employee 189,Engineering,Amit Patel,Ahmedabad
E190,Employee 190,Support,Rahul Sharma,Delhi
E191,Employee 191,Engineering,Rahul Sharma,Mumbai
E192,Employee 192,Engineering,Vivek Singh,Bengaluru
E193,Employee 193,HR,Vivek Singh,Pune
E194,Employee 194,Sales,Amit Patel,Pune
E195,Employee 195,Support,Neha Gupta,Delhi
E196,Employee 196,Engineering,Amit Patel,Bengaluru
E197,Employee 197,Engineering,Vivek Singh,Delhi
E198,Employee 198,Engineering,Neha Gupta,Chennai
E199,Employee 199,Engineering,Priya Shah,Hyderabad
E200,Employee 200,Finance,Priya Shah,Pune
E201,Employee 201,Sales,Rahul Sharma,Chennai
E202,Employee 202,Engineering,Rahul Sharma,Hyderabad
E203,Employee 203,Sales,Amit Patel,Pune
E204,Employee 204,Finance,Priya Shah,Delhi
E205,Employee 205,Finance,Vivek Singh,Hyderabad
E206,Employee 206,Sales,Neha Gupta,Mumbai
E207,Employee 207,Finance,Amit Patel,Hyderabad
E208,Employee 208,Finance,Priya Shah,Hyderabad
E209,Employee 209,Support,Rahul Sharma,Hyderabad
E210,Employee 210,HR,Rahul Sharma,Chennai
E211,Employee 211,Finance,Neha Gupta,Pune
E212,Employee 212,Finance,Neha Gupta,Chennai
E213,Employee 213,HR,Rahul Sharma,Bengaluru
E214,Employee 214,Finance,Rahul Sharma,Bengaluru
E215,Employee 215,HR,Amit Patel,Hyderabad
E216,Employee 216,HR,Priya Shah,Chennai
E217,Employee 217,Support,Amit Patel,Mumbai
E218,Employee 218,Support,Vivek Singh,Hyderabad
E219,Employee 219,Support,Rahul Sharma,Mumbai
E220,Employee 220,Support,Priya Shah,Ahmedabad
E221,Employee 221,Support,Rahul Sharma,Chennai
E222,Employee 222,HR,Priya Shah,Hyderabad
E223,Employee 223,HR,Vivek Singh,Chennai
E224,Employee 224,Support,Vivek Singh,Delhi
E225,Employee 225,Engineering,Priya Shah,Chennai
E226,Employee 226,Support,Neha Gupta,Delhi
E227,Employee 227,Sales,Priya Shah,Pune
E228,Employee 228,Engineering,Vivek Singh,Chennai
E229,Employee 229,Finance,Neha Gupta,Pune
E230,Employee 230,Support,Vivek Singh,Chennai
E231,Employee 231,Engineering,Vivek Singh,Ahmedabad
E232,Employee 232,Sales,Rahul Sharma,Ahmedabad
E233,Employee 233,Sales,Amit Patel,Delhi
E234,Employee 234,Support,Priya Shah,Ahmedabad
E235,Employee 235,Support,Amit Patel,Pune
E236,Employee 236,Sales,Amit Patel,Mumbai
E237,Employee 237,Engineering,Priya Shah,Ahmedabad
E238,Employee 238,Sales,Rahul Sharma,Ahmedabad
E239,Employee 239,Engineering,Neha Gupta,Ahmedabad
E240,Employee 240,Sales,Rahul Sharma,Bengaluru
E241,Employee 241,Support,Neha Gupta,Bengaluru
E242,Employee 242,Sales,Neha Gupta,Bengaluru
E243,Employee 243,HR,Rahul Sharma,Ahmedabad
E244,Employee 244,HR,Neha Gupta,Pune
E245,Employee 245,HR,Amit Patel,Hyderabad
E246,Employee 246,Engineering,Amit Patel,Chennai
E247,Employee 247,Finance,Vivek Singh,Hyderabad
E248,Employee 248,Engineering,Amit Patel,Delhi
E249,Employee 249,Support,Vivek Singh,Chennai
E250,Employee 250,Support,Vivek Singh,Ahmedabad
E251,Employee 251,Support,Neha Gupta,Hyderabad
E252,Employee 252,Support,Priya Shah,Pune
E253,Employee 253,Finance,Rahul Sharma,Mumbai
E254,Employee 254,HR,Amit Patel,Pune
E255,Employee 255,HR,Vivek Singh,Pune
E256,Employee 256,Engineering,Neha Gupta,Delhi
E257,Employee 257,Support,Amit Patel,Ahmedabad
E258,Employee 258,Finance,Amit Patel,Ahmedabad
E259,Employee 259,Finance,Neha Gupta,Delhi
E260,Employee 260,Engineering,Rahul Sharma,Ahmedabad
E261,Employee 261,Sales,Rahul Sharma,Hyderabad
E262,Employee 262,Support,Neha Gupta,Pune
E263,Employee 263,Support,Vivek Singh,Pune
E264,Employee 264,Engineering,Priya Shah,Chennai
E265,Employee 265,Engineering,Amit Patel,Ahmedabad
E266,Employee 266,Sales,Priya Shah,Chennai
E267,Employee 267,HR,Vivek Singh,Pune
E268,Employee 268,Support,Rahul Sharma,Delhi
E269,Employee 269,Support,Priya Shah,Bengaluru
E270,Employee 270,Finance,Priya Shah,Hyderabad
E271,Employee 271,Support,Rahul Sharma,Pune
E272,Employee 272,HR,Rahul Sharma,Mumbai
E273,Employee 273,Support,Amit Patel,Bengaluru
E274,Employee 274,Support,Priya Shah,Mumbai
E275,Employee 275,Sales,Priya Shah,Bengaluru
E276,Employee 276,HR,Neha Gupta,Chennai
E277,Employee 277,Engineering,Priya Shah,Mumbai
E278,Employee 278,Support,Rahul Sharma,Hyderabad
E279,Employee 279,Support,Amit Patel,Pune
E280,Employee 280,Engineering,Rahul Sharma,Delhi
E281,Employee 281,Finance,Vivek Singh,Delhi
E282,Employee 282,Finance,Vivek Singh,Hyderabad
E283,Employee 283,HR,Vivek Singh,Ahmedabad
E284,Employee 284,Finance,Rahul Sharma,Bengaluru
E285,Employee 285,Sales,Neha Gupta,Bengaluru
E286,Employee 286,Finance,Priya Shah,Hyderabad
E287,Employee 287,Sales,Amit Patel,Ahmedabad
E288,Employee 288,Sales,Priya Shah,Bengaluru
E289,Employee 289,Finance,Vivek Singh,Pune
E290,Employee 290,Support,Priya Shah,Chennai
E291,Employee 291,Support,Neha Gupta,Ahmedabad
E292,Employee 292,HR,Neha Gupta,Ahmedabad
E293,Employee 293,HR,Priya Shah,Bengaluru
E294,Employee 294,Support,Priya Shah,Delhi
E295,Employee 295,Engineering,Priya Shah,Pune
E296,Employee 296,HR,Priya Shah,Mumbai
E297,Employee 297,Engineering,Rahul Sharma,Mumbai
E298,Employee 298,Sales,Vivek Singh,Ahmedabad
E299,Employee 299,Engineering,Amit Patel,Pune
E300,Employee 300,Sales,Neha Gupta,Chennai
